id,name,surname
1,Olivia,Young
2,Olivia,Smith
3,Bella,Gomez
4,Oscar,Johnson
5,Mia,Miller
6,Grace,Davis
7,Holly,Harris
8,Jane,Smith
9,Diana,Martinez
10,Ruby,Hall
11,Oscar,Hill
12,Quinn,White
13,Vera,Campbell
14,Uma,Wilson
15,Charlie,Lewis
16,Carter,Torres
17,Mona,Perez
18,Karen,Harris
19,Jane,Moore
20,Karen,Anderson
21,Kylie,Hill
22,Tom,Thomas
23,Daisy,Wilson
24,Karen,Robinson
25,Charlie,White
26,Jake,Ramirez
27,Eve,Johnson
28,Uma,Rivera
29,Carter,Anderson
30,Oscar,Jones
31,Liam,Wright
32,Zane,Baker
33,Hank,Harris
34,Wendy,Jones
35,Mia,Garcia
36,Fiona,Roberts
37,Diana,Lee
38,Bella,Smith
39,Sophia,Miller
40,Wendy,Rivera
41,Daisy,King
42,Yara,Brown
43,Ivy,Taylor
44,Zane,Wilson
45,Eve,Young
46,Oscar,Wright
47,Peter,Lewis
48,Uma,Anderson
49,Jack,Lewis
50,Hank,Wright
51,Noah,Hill
52,Zane,Garcia
53,Daisy,Lee
54,Wendy,Davis
55,Karen,Wright
56,Yara,Mitchell
57,Mia,Jones
58,Jake,Ramirez
59,Liam,Carter
60,Oscar,Baker
61,Tom,Wright
62,Frank,Williams
63,Ruby,Thompson
64,Ethan,Taylor
65,Xander,Roberts
66,Diana,King
67,Peter,Campbell
68,Mona,Campbell
69,Bella,Johnson
70,Rachel,Miller
71,Eve,Wright
72,Alice,Nelson
73,Sophia,Hall
74,Diana,Martinez
75,Ivy,Baker
76,Quinn,Anderson
77,Paul,Scott
78,Yara,Clark
79,Quinn,Hernandez
80,Fiona,Brown
81,Fiona,Young
82,Xander,Nguyen
83,Quinn,Rivera
84,Mona,Jones
85,Uma,Martin
86,Wendy,Lewis
87,Leo,Gonzalez
88,Frank,Mitchell
89,Mona,Thomas
90,Isla,Wilson
91,Xander,Hill
92,Jake,Torres
93,Mona,Anderson
94,Daisy,Gomez
95,Eve,Moore
96,Paul,Wilson
97,Jack,Nguyen
98,Leo,Scott
99,Eve,Hill
100,Sophia,Taylor
101,Daisy,Martinez
102,Liam,Lee
103,Mia,Miller
104,Peter,Green
105,John,Jackson
106,Oscar,Baker
107,Uma,Jones
108,Aaron,Roberts
109,Victor,Green
110,Rachel,Wilson
111,Ursula,Lewis
112,Diana,Rivera
113,Rachel,Taylor
114,Wendy,Garcia
115,Alice,Taylor
116,Will,Thompson
117,Eve,Brown
118,Liam,Carter
119,George,Allen
120,Uma,Johnson
121,Steve,Robinson
122,Fiona,Davis
123,Sophia,Scott
124,Holly,Lee
125,Victor,Thompson
126,Vera,Mitchell
127,Wendy,Mitchell
128,Carter,Jones
129,Leo,Harris
130,Ethan,King
131,Peter,Davis
132,Paul,Young
133,Tom,Hernandez
134,Eve,Anderson
135,Rachel,Moore
136,Zane,Martin
137,Charlie,Baker
138,Diana,Lopez
139,Holly,Nelson
140,Zane,Wilson
141,Jake,Wright
142,Wendy,Williams
143,Vera,Roberts
144,Olivia,Rivera
145,Fiona,Roberts
146,Paul,Sanchez
147,Nina,Ramirez
148,Olivia,Campbell
149,Jack,Nguyen
150,Ivy,Jones
151,Carter,White
152,Nina,Garcia
153,Ethan,Wilson
154,Isla,Carter
155,Uma,Brown
156,Nina,Jackson
157,Charlie,Campbell
158,Oscar,Taylor
159,Steve,Torres
160,Bob,Anderson
161,Aaron,Carter
162,Daisy,Mitchell
163,Aaron,Rivera
164,Carter,Brown
165,Wendy,Anderson
166,Oscar,Rivera
167,Jane,Walker
168,Sophia,Mitchell
169,Yara,Adams
170,Kylie,Carter
171,Eve,Ramirez
172,Noah,Thompson
173,Uma,Adams
174,Vera,Perez
175,Ivy,Smith
176,Ruby,Lee
177,Alice,Rivera
178,Victor,Lewis
179,Jake,Anderson
180,Liam,Hernandez
181,Noah,Anderson
182,Paul,Ramirez
183,Yara,Allen
184,Olivia,Green
185,Ursula,Adams
186,Yara,Nguyen
187,Ethan,Jones
188,Vera,Allen
189,Mona,Wilson
190,Nina,Hernandez
191,Paul,Johnson
192,Jake,Johnson
193,Mia,Jackson
194,Oscar,Thompson
195,Isla,Anderson
196,Ruby,Allen
197,Ursula,Moore
198,Zane,Nguyen
199,Jack,Clark
200,Olivia,White
201,Isla,Hill
202,Mia,Miller
203,Vera,Davis
204,Bella,Martinez
205,Ursula,Lopez
206,Ruby,Robinson
207,John,Carter
208,Sophia,Allen
209,Victor,Garcia
210,Quinn,Carter
211,Paul,Gonzalez
212,Zane,Taylor
213,Liam,Flores
214,Ursula,White
215,Olivia,King
216,Rachel,Campbell
217,Mia,Jackson
218,Diana,Nelson
219,Isla,Wilson
220,Daisy,Hill
221,John,Rivera
222,Vera,Perez
223,Jake,Lewis
224,Tom,Campbell
225,Eve,Torres
226,Ivy,Wright
227,Uma,Hall
228,Karen,Carter
229,Wendy,Campbell
230,Yara,Garcia
231,Karen,Martin
232,Aaron,Smith
233,Tina,Garcia
234,Leo,Harris
235,Oscar,Martinez
236,Liam,Smith
237,Ruby,Young
238,Mia,Anderson
239,Charlie,Torres
240,Leo,Rivera
241,Daisy,Carter
242,Ruby,Harris
243,Aaron,Williams
244,Rachel,Hill
245,Wendy,Walker
246,Jane,Gonzalez
247,Uma,Rivera
248,Wendy,Hall
249,Grace,Garcia
250,Will,Wright
251,Victor,Martin
252,Olivia,Wright
253,Grace,Nguyen
254,Eve,Mitchell
255,Jane,Nguyen
256,Kylie,Martin
257,Tina,Perez
258,Liam,Scott
259,Mona,Hill
260,Karen,Campbell
261,Mona,Miller
262,Ethan,Martinez
263,Steve,Lewis
264,Tina,Lewis
265,Bella,White
266,Tom,Wright
267,Oscar,Green
268,Isla,Nguyen
269,Ivy,White
270,Tom,Nelson
271,Peter,Nguyen
272,Grace,Hill
273,Rachel,Davis
274,Charlie,Smith
275,Charlie,Roberts
276,Rachel,Hill
277,Bella,Adams
278,Ursula,Rivera
279,Ruby,Garcia
280,Ethan,Allen
281,Fiona,Miller
282,Wendy,Carter
283,Isla,Hill
284,Eve,Wright
285,Will,Miller
286,Kylie,Young
287,Diana,Anderson
288,Zane,White
289,Noah,Torres
290,Mia,Wilson
291,Uma,Smith
292,John,Allen
293,Ruby,Hill
294,Mia,Campbell
295,Ruby,Green
296,Xander,Green
297,Wendy,Ramirez
298,Karen,Lee
299,Ursula,Gonzalez
300,Xander,Williams
301,Jack,Gomez
302,Uma,Green
303,Karen,Ramirez
304,Jake,Ramirez
305,Frank,Jackson
306,Diana,Johnson
307,Eve,Taylor
308,Yara,Rivera
309,Jake,Campbell
310,Peter,Roberts
311,Rachel,Lee
312,Steve,Jones
313,Vera,Brown
314,Ethan,Young
315,Steve,Thomas
316,Liam,Martinez
317,John,Brown
318,Kylie,Allen
319,Aaron,White
320,Olivia,Rivera
321,John,White
322,Paul,Green
323,Vera,Brown
324,Mona,Green
325,Oscar,Gonzalez
326,Quinn,Baker
327,George,Wilson
328,Victor,Allen
329,Victor,Allen
330,Liam,Flores
331,Grace,Jones
332,Jake,Taylor
333,Olivia,Mitchell
334,Noah,Green
335,Liam,Thompson
336,Fiona,Thomas
337,Aaron,Nelson
338,Charlie,Moore
339,Frank,Thompson
340,Karen,Taylor
341,Sophia,Gonzalez
342,Isla,Torres
343,Victor,Brown
344,Carter,Smith
345,Tina,Gomez
346,Ursula,Flores
347,Karen,Nguyen
348,Quinn,Torres
349,Mia,Miller
350,Jack,Brown
351,Aaron,Jones
352,Daisy,Thomas
353,Holly,Gonzalez
354,Yara,Rivera
355,Quinn,Perez
356,Peter,Wilson
357,Diana,Thomas
358,Frank,Davis
359,Eve,Wilson
360,Zane,Roberts
361,Olivia,Flores
362,Nina,Brown
363,Rachel,Smith
364,Ethan,Smith
365,Hank,Roberts
366,Ruby,Roberts
367,Sophia,Hall
368,John,White
369,Will,Robinson
370,Kylie,Garcia
371,Diana,Allen
372,Jack,Williams
373,Jake,Campbell
374,Daisy,Lewis
375,Zane,King
376,Karen,Mitchell
377,Paul,Baker
378,George,Wilson
379,Fiona,White
380,Grace,Walker
381,John,Flores
382,Nina,Baker
383,Alice,Hernandez
384,Bella,Perez
385,Charlie,Scott
386,Leo,Mitchell
387,Ethan,Torres
388,Oscar,Taylor
389,Ruby,Green
390,Oscar,Hall
391,Noah,Hill
392,Isla,Lewis
393,Sophia,Martinez
394,George,King
395,Victor,Nguyen
396,Noah,Hall
397,Aaron,Thompson
398,Isla,Smith
399,Yara,Nguyen
400,Will,Scott
401,Holly,Robinson
402,Charlie,Jones
403,Rachel,Moore
404,Carter,Perez
405,Oscar,Ramirez
406,Sophia,Thomas
407,Charlie,Wright
408,Aaron,Torres
409,George,Hernandez
410,Carter,Johnson
411,Daisy,Garcia
412,Daisy,Robinson
413,John,White
414,Zane,Martin
415,Ursula,Williams
416,Holly,Walker
417,Hank,Carter
418,Hank,Martin
419,John,Taylor
420,Jane,Lopez
421,Jake,Martinez
422,Steve,Gomez
423,Isla,Scott
424,Eve,Lopez
425,John,Williams
426,Will,Thompson
427,Tom,Gomez
428,Peter,Brown
429,Ursula,Hall
430,Daisy,Allen
431,Liam,Jackson
432,Paul,Thompson
433,George,Jones
434,Uma,Lewis
435,Ursula,Hall
436,Kylie,Young
437,Eve,Wilson
438,Xander,Garcia
439,Ursula,Torres
440,Olivia,Torres
441,Eve,Wright
442,Hank,Clark
443,Uma,Johnson
444,Will,Brown
445,Olivia,Taylor
446,Jane,Wright
447,George,Gomez
448,Carter,Lewis
449,Alice,Smith
450,Will,Campbell
451,Bob,Moore
452,Ivy,Rivera
453,George,Nelson
454,Ethan,Baker
455,Sophia,Rivera
456,Uma,Jackson
457,Wendy,Thompson
458,Bella,Garcia
459,Bella,Gonzalez
460,Ethan,Lewis
461,Yara,Williams
462,Ethan,Green
463,Ethan,Robinson
464,Eve,Thompson
465,Eve,Davis
466,George,Jones
467,Quinn,Torres
468,Ruby,Scott
469,Quinn,Campbell
470,Aaron,Lee
471,Nina,Miller
472,Tina,Carter
473,Jack,Garcia
474,Bob,Sanchez
475,George,Young
476,Mia,Perez
477,Zane,Lopez
478,Frank,Lopez
479,Grace,Thompson
480,Ruby,Nguyen
481,Jane,Brown
482,Eve,Nguyen
483,Olivia,Anderson
484,Xander,Green
485,Quinn,Martin
486,Isla,Flores
487,Daisy,Rivera
488,Olivia,King
489,Mona,Thomas
490,Kylie,Jones
491,Isla,Garcia
492,Bella,Adams
493,Tina,Nguyen
494,Ethan,Lewis
495,Karen,Carter
496,Holly,Johnson
497,Hank,Nguyen
498,Jack,Torres
499,Kylie,Harris
500,Steve,Scott
501,Carter,Jackson
502,Rachel,Hernandez
503,Mia,Nguyen
504,Ethan,Adams
505,Charlie,Torres
506,Jane,Lewis
507,Tom,Rivera
508,Carter,Nelson
509,Bob,Green
510,Grace,Torres
511,Nina,Anderson
512,Diana,Robinson
513,Will,King
514,Karen,Johnson
515,Peter,King
516,Karen,Campbell
517,Tom,Hall
518,Victor,Brown
519,Ursula,Walker
520,Fiona,Green
521,Karen,White
522,Paul,Adams
523,Daisy,Clark
524,Tina,Taylor
525,Liam,Scott
526,Jane,Robinson
527,Hank,Lewis
528,Grace,Garcia
529,Nina,Gonzalez
530,Vera,Flores
531,Ivy,Johnson
532,Wendy,Smith
533,Uma,Jones
534,John,Hall
535,Tina,Nelson
536,Uma,Baker
537,Kylie,King
538,Liam,Young
539,John,Smith
540,Jake,Allen
541,Charlie,Lee
542,Grace,White
543,Frank,King
544,Zane,Ramirez
545,Ruby,Adams
546,Isla,White
547,Aaron,Clark
548,Olivia,Campbell
549,Oscar,Hill
550,Frank,Lee
551,Frank,Walker
552,Alice,Lee
553,Carter,Rivera
554,Aaron,Perez
555,Fiona,Adams
556,Jake,Lewis
557,Karen,Scott
558,Jack,Clark
559,Kylie,White
560,Alice,Baker
561,Uma,Adams
562,Liam,Robinson
563,Bob,Anderson
564,Mona,Perez
565,Liam,Roberts
566,Paul,Thomas
567,Tom,White
568,Ursula,Robinson
569,Rachel,Allen
570,Charlie,Miller
571,Holly,Lewis
572,Steve,Hall
573,Quinn,Williams
574,Bella,Robinson
575,Tina,Robinson
576,Hank,Lopez
577,Kylie,Lewis
578,Nina,Torres
579,Oscar,Martinez
580,Alice,Martin
581,Frank,Martinez
582,Isla,Robinson
583,Karen,Sanchez
584,Steve,Nelson
585,Eve,Davis
586,Grace,Thomas
587,Noah,Moore
588,Jane,Perez
589,Charlie,Ramirez
590,Ivy,Wilson
591,Frank,Mitchell
592,Alice,Wright
593,Oscar,Hernandez
594,Noah,Sanchez
595,Isla,Moore
596,Ethan,Miller
597,Tom,Martinez
598,Uma,Martin
599,Tina,Smith
600,Alice,Smith
601,Peter,Jones
602,Ivy,Robinson
603,Rachel,Gonzalez
604,Tom,Davis
605,Ethan,Mitchell
606,Ruby,Jackson
607,Aaron,Gonzalez
608,Yara,Scott
609,Ivy,Lee
610,Uma,Johnson
611,Victor,Robinson
612,Alice,Flores
613,Tina,Smith
614,Jake,Johnson
615,Bella,Baker
616,Liam,Martinez
617,Tom,Sanchez
618,Wendy,Moore
619,Ethan,Hall
620,Leo,Ramirez
621,Victor,Rivera
622,John,Carter
623,Ursula,Jackson
624,Nina,Torres
625,Ruby,Green
626,Jack,Williams
627,Jane,Miller
628,Bob,Lopez
629,Karen,Davis
630,Carter,Jones
631,Nina,Martinez
632,Uma,Robinson
633,Kylie,Scott
634,Holly,Carter
635,Isla,King
636,Charlie,Thomas
637,Carter,Gonzalez
638,Vera,Robinson
639,Will,Martinez
640,Ethan,Lopez
641,Sophia,Wright
642,Holly,Rivera
643,Will,Campbell
644,Grace,Wilson
645,Wendy,Gonzalez
646,Noah,Williams
647,Holly,Rivera
648,Paul,Flores
649,Mona,Lewis
650,Paul,Thompson
651,Frank,Anderson
652,Vera,Wilson
653,Zane,Hall
654,Holly,Lewis
655,Will,Adams
656,Charlie,Green
657,Mona,Lopez
658,Diana,Mitchell
659,Quinn,Garcia
660,Daisy,King
661,Yara,Clark
662,Karen,White
663,Bob,Hall
664,Yara,Moore
665,Alice,Carter
666,Liam,Campbell
667,Holly,Hernandez
668,Peter,Hernandez
669,Noah,Jones
670,Grace,King
671,Eve,Rivera
672,Tina,Flores
673,Alice,Martin
674,Kylie,Robinson
675,Victor,Scott
676,Oscar,Hernandez
677,Ivy,King
678,Mona,Thompson
679,John,Clark
680,Bella,Jackson
681,Fiona,Nguyen
682,Rachel,Nguyen
683,Ruby,Davis
684,Kylie,Allen
685,Charlie,Green
686,Bella,Hall
687,Daisy,Martin
688,Carter,Wilson
689,Uma,Allen
690,Isla,Sanchez
691,Xander,Clark
692,Zane,Lewis
693,Alice,Taylor
694,Diana,Harris
695,Liam,Allen
696,John,Jones
697,Ursula,Walker
698,Leo,Campbell
699,Ethan,Thompson
700,Fiona,Campbell
701,Karen,Garcia
702,Diana,Martin
703,Liam,Campbell
704,Rachel,Lewis
705,Tom,Thompson
706,Grace,Moore
707,Quinn,Nelson
708,Karen,Martinez
709,Eve,Nelson
710,Steve,Carter
711,Mia,Nguyen
712,Will,Adams
713,John,Adams
714,Yara,Sanchez
715,Bella,Smith
716,Alice,Ramirez
717,Charlie,Lee
718,Jane,Jones
719,Leo,Brown
720,Jake,Robinson
721,Nina,Moore
722,Jack,Johnson
723,Sophia,Roberts
724,Victor,Garcia
725,Rachel,Green
726,Tina,Hernandez
727,Nina,Hill
728,Tina,Campbell
729,Vera,Martin
730,Ethan,Scott
731,Ruby,Mitchell
732,Steve,Gonzalez
733,Kylie,Garcia
734,Charlie,Allen
735,Tina,Miller
736,Zane,Williams
737,Frank,Carter
738,Diana,Walker
739,Leo,Smith
740,Ursula,Flores
741,Xander,Perez
742,Olivia,Mitchell
743,Tom,Harris
744,Frank,Adams
745,Uma,Sanchez
746,Liam,Perez
747,Alice,Thomas
748,Holly,Torres
749,Xander,Brown
750,Uma,Torres
751,Uma,Brown
752,Karen,Nguyen
753,Alice,Hernandez
754,Victor,Nguyen
755,Xander,Smith
756,John,Wright
757,Olivia,Ramirez
758,Jake,Baker
759,George,Lopez
760,Alice,Nguyen
761,Jake,Young
762,Zane,Garcia
763,Steve,Torres
764,Mia,Green
765,Ruby,Thompson
766,Xander,Brown
767,Carter,Lopez
768,Xander,White
769,Victor,Thomas
770,Mona,Gomez
771,Steve,Perez
772,Mia,Allen
773,Diana,Nelson
774,Kylie,Jackson
775,Will,Jones
776,Isla,Adams
777,Holly,Rivera
778,Ruby,Hall
779,Uma,Williams
780,Jack,Torres
781,Noah,Campbell
782,Eve,Torres
783,Aaron,Roberts
784,Bella,Campbell
785,Diana,Brown
786,Grace,Davis
787,Tina,Young
788,Carter,Clark
789,Victor,King
790,Nina,Carter
791,Eve,Hill
792,Yara,Lewis
793,Steve,Smith
794,Hank,King
795,Olivia,Nguyen
796,Hank,Nguyen
797,Jack,Walker
798,George,Hernandez
799,Ruby,Young
800,Noah,Wright
801,Zane,Hall
802,Bella,Smith
803,Leo,Lopez
804,Leo,Young
805,Peter,Garcia
806,Daisy,Harris
807,Will,Johnson
808,Leo,Carter
809,Yara,Carter
810,Tina,Mitchell
811,Bella,Campbell
812,Karen,Martin
813,Yara,Mitchell
814,Oscar,Brown
815,Mia,Baker
816,Karen,White
817,George,Gonzalez
818,Uma,Perez
819,Grace,Hernandez
820,Holly,Roberts
821,Steve,Nguyen
822,Daisy,Robinson
823,Wendy,Martinez
824,Karen,Davis
825,Isla,Lee
826,Peter,Thomas
827,Rachel,Clark
828,Liam,King
829,Alice,Flores
830,Steve,Roberts
831,Leo,Nelson
832,Ruby,Lewis
833,Jack,Scott
834,Noah,Thompson
835,Ethan,Green
836,Frank,Martinez
837,Ruby,Martin
838,Alice,Flores
839,Ivy,Lopez
840,Wendy,Moore
841,Ivy,Harris
842,Aaron,Campbell
843,Paul,Nguyen
844,Alice,Young
845,Hank,Martin
846,Uma,Perez
847,Holly,Baker
848,Ursula,Torres
849,Tom,Davis
850,Daisy,Flores
851,Kylie,Flores
852,Peter,Gomez
853,Karen,Robinson
854,Paul,Brown
855,Alice,Thomas
856,Leo,Martinez
857,Carter,Robinson
858,Peter,Campbell
859,John,Campbell
860,Paul,Jones
861,Will,Thomas
862,Zane,Adams
863,Jack,Torres
864,Steve,Moore
865,Olivia,Flores
866,Ivy,Jackson
867,Mona,Lewis
868,Jane,Martin
869,Isla,Rivera
870,Jack,Mitchell
871,John,Campbell
872,Zane,Sanchez
873,George,Nguyen
874,Holly,Adams
875,Wendy,Hernandez
876,Zane,Martin
877,Sophia,Robinson
878,Frank,Brown
879,Diana,Miller
880,Jake,Carter
881,Jack,Davis
882,Bella,Carter
883,Bob,Campbell
884,Tina,Smith
885,Quinn,Davis
886,Bob,Campbell
887,Steve,Williams
888,Vera,Hall
889,Grace,Thompson
890,Eve,Scott
891,Olivia,Harris
892,Nina,Miller
893,Holly,Brown
894,Victor,Anderson
895,Eve,Rivera
896,Jake,Thomas
897,Will,Torres
898,Peter,Thomas
899,Frank,Miller
900,Will,Hall
901,Hank,Allen
902,Leo,Walker
903,Quinn,Lewis
904,Peter,Thompson
905,Vera,Ramirez
906,Ethan,Mitchell
907,Victor,Lee
908,Olivia,Carter
909,Alice,Young
910,John,Carter
911,Peter,Jackson
912,Karen,Wilson
913,Leo,Campbell
914,Bella,Roberts
915,Charlie,Flores
916,Yara,Wright
917,Bob,Torres
918,Wendy,Green
919,Jane,Martin
920,Jake,King
921,Quinn,Harris
922,George,Lee
923,Rachel,Lopez
924,Alice,Martin
925,Hank,Nguyen
926,Daisy,Flores
927,Jake,Mitchell
928,Ivy,Smith
929,Peter,Young
930,Alice,White
931,Ivy,Lewis
932,Alice,Thomas
933,Ethan,Young
934,Jane,Brown
935,Jane,Perez
936,Aaron,Clark
937,Sophia,Nguyen
938,John,Torres
939,Charlie,Allen
940,Bob,Perez
941,Wendy,Johnson
942,Daisy,Johnson
943,Leo,Scott
944,Jane,Allen
945,Nina,Jones
946,Isla,Carter
947,Paul,Scott
948,Vera,Adams
949,George,Ramirez
950,Tina,Baker
951,Carter,King
952,Bella,Campbell
953,Ethan,Moore
954,Ursula,Clark
955,Bob,Green
956,Tina,Mitchell
957,Aaron,Walker
958,Carter,Harris
959,Quinn,Nguyen
960,Jane,Wilson
961,Frank,Clark
962,Xander,Wright
963,Victor,Nguyen
964,Grace,Rivera
965,Xander,Baker
966,Ruby,Green
967,Diana,Torres
968,Liam,White
969,Holly,Smith
970,Karen,King
971,Tina,Hill
972,Ursula,Johnson
973,Zane,Harris
974,John,Adams
975,Xander,Hill
976,Uma,Allen
977,Leo,White
978,Leo,Smith
979,Grace,Mitchell
980,Steve,Nelson
981,Leo,Mitchell
982,Noah,Moore
983,John,Flores
984,Fiona,Nelson
985,Tom,Flores
986,Aaron,Robinson
987,Noah,Davis
988,Ethan,Wright
989,Ethan,Clark
990,Rachel,Roberts
991,Nina,Garcia
992,Uma,Robinson
993,Diana,Perez
994,Karen,Garcia
995,Jake,Rivera
996,Bella,Baker
997,Charlie,Clark
998,Jane,Lopez
999,Vera,Jackson
1000,Hank,Rivera
